{"volume": {"optimize": 18.56185411730613, "initial": 18.549876807564765, "gain": 1.0006456813630418, "unfolding_results": ["X_14_1", "X_15_8"], "annealing_results": ["x_14_1", "x_15_8"], "optimize_info": {"optimize_state": true, "result_rank": 6}}}