{"volume": {"optimize": 18.561854117306133, "initial": 18.549876807564768, "gain": 1.0006456813630418, "unfolding_results": ["X_15_8", "X_14_1"], "annealing_results": ["x_15_8", "x_14_1"], "optimize_info": {"optimize_state": true, "result_rank": 34}}}