{"initial_step": 2, "final_step": 10, "tts": [125.83909728469, 162.79166953788086, 166.465828110322, 226.87516833617673, 262.532539034563, 315.34165138580204, 262.5463694025349, 225.99270849033556], "initialization_stats": {"phis_precision": [80.29186537993999], "psis_precision": [12.524701960918216], "phi_angles_psi4": [1.5708134759948975], "psi_angles_psi4": [-2.6404247826789864], "phis_initial_rotation": [0.9516641666115051], "psis_initial_rotation": [0.8946429875990303]}, "final_stats": {"min_tts": {"step": 2, "value": 125.83909728469}}}