{"initial_step": 2, "final_step": 10, "tts": [89.32280808104585, 84.21643829110067, 84.7321966636828, 72.6781427792608, 69.40344332127329, 67.56001065825059, 63.66225158579548, 61.902315133723086], "initialization_stats": {"phis_precision": [80.29186537993999], "psis_precision": [12.524701960918216], "phi_angles_psi4": [1.5708134759948975], "psi_angles_psi4": [-2.6404247826789864], "phis_initial_rotation": [0.9516641666115051], "psis_initial_rotation": [0.8946429875990303]}, "final_stats": {"min_tts": {"step": 9, "value": 61.902315133723086}}}