{"initial_step": 2, "final_step": 10, "tts": [83.35379845562476, 89.5354561771124, 82.8186620412905, 76.48146271235171, 70.04694310723612, 67.29134333171754, 61.383425963499256, 60.632225254106295], "initialization_stats": {"phis_precision": [80.29186537993999], "psis_precision": [12.524701960918216], "phi_angles_psi4": [1.5708134759948975], "psi_angles_psi4": [-2.6404247826789864], "phis_initial_rotation": [0.9516641666115051], "psis_initial_rotation": [0.8946429875990303]}, "final_stats": {"min_tts": {"step": 9, "value": 60.632225254106295}}}