{"initial_step": 2, "final_step": 10, "tts": [76.39514052592992, 80.73779532500362, 79.22671924723834, 73.08337476173075, 68.98033116231778, 61.28799100713863, 64.18006182512508, 58.98483476110978], "initialization_stats": {"phis_precision": [80.29186537993999], "psis_precision": [12.524701960918216], "phi_angles_psi4": [1.5708134759948975], "psi_angles_psi4": [-2.6404247826789864], "phis_initial_rotation": [0.9516641666115051], "psis_initial_rotation": [0.8946429875990303]}, "final_stats": {"min_tts": {"step": 9, "value": 58.98483476110978}}}